{
    "accuracy": 0.7227722772277227,
    "best_params": {
        "clf__C": 10,
        "clf__kernel": "linear",
        "tfidf__max_features": 3000,
        "tfidf__ngram_range": [
            1,
            2
        ]
    },
    "classification_report": {
        "negatif": {
            "precision": 0.7692307692307693,
            "recall": 0.8571428571428571,
            "f1-score": 0.8108108108108109,
            "support": 35.0
        },
        "netral": {
            "precision": 0.4583333333333333,
            "recall": 0.4782608695652174,
            "f1-score": 0.46808510638297873,
            "support": 23.0
        },
        "positif": {
            "precision": 0.8421052631578947,
            "recall": 0.7441860465116279,
            "f1-score": 0.7901234567901234,
            "support": 43.0
        },
        "accuracy": 0.7227722772277227,
        "macro avg": {
            "precision": 0.6898897885739991,
            "recall": 0.6931965910732342,
            "f1-score": 0.6896731246613044,
            "support": 101.0
        },
        "weighted avg": {
            "precision": 0.729458117876565,
            "recall": 0.7227722772277227,
            "f1-score": 0.7239568759124969,
            "support": 101.0
        }
    }
}