{
    "accuracy": 0.7352941176470589,
    "best_params": {
        "clf__C": 10,
        "clf__kernel": "linear",
        "tfidf__max_features": 3000,
        "tfidf__ngram_range": [
            1,
            2
        ]
    },
    "classification_report": {
        "negatif": {
            "precision": 0.7948717948717948,
            "recall": 0.8611111111111112,
            "f1-score": 0.8266666666666667,
            "support": 36.0
        },
        "netral": {
            "precision": 0.46153846153846156,
            "recall": 0.5217391304347826,
            "f1-score": 0.4897959183673469,
            "support": 23.0
        },
        "positif": {
            "precision": 0.8648648648648649,
            "recall": 0.7441860465116279,
            "f1-score": 0.8,
            "support": 43.0
        },
        "accuracy": 0.7352941176470589,
        "macro avg": {
            "precision": 0.7070917070917071,
            "recall": 0.7090120960191739,
            "f1-score": 0.7054875283446712,
            "support": 102.0
        },
        "weighted avg": {
            "precision": 0.7492152786270433,
            "recall": 0.7352941176470589,
            "f1-score": 0.7394637855142057,
            "support": 102.0
        }
    }
}